INLINE ClassTable,Name,Description,ID,Default Class Promoted From/To,Standing Map Anims,Move Speed,Generic Mug,N/A,HP,Atk,Skl,Spd,Def,Res,Con,Mov,HP Cap,Atk Cap,Skl Cap,Spd Cap,Def Cap,Res Cap,Con Cap,Class Relative Power,HP Growth,Atk Growth,Skl Growth,Spd Growth,Def Growth,Res Growth,Luck Growth,HP Promo Gain,Atk Promo Gain,Skl Promo Gain,Spd Promo Gain,Def Promo Gain,Res Promo Gain,CharClassAbility,Sword,Lance,Axe,Bow,Staff,Anima,Light,Dark,Battle Anims,Move Costs,Rain Move Costs,Snow Move Costs,Avo Bonus,Def Bonus,Res Bonus,Class Type
None,0x0,0x0,0,0,0x0,0,0x0,0x0,0,0,0,0,0,0,0,0,0,0,0,0,0,0,0,0,0,0,0,0,0,37,0,37,0,0,65,0,0,0x1000002,NoRank,NoRank,NoRank,NoRank,NoRank,NoRank,NoRank,NoRank,0x1f,0x0,0x231e143c,0x190f0f,0x0,0x0,0x0,0x0
Wayfarer,WayfarerName,WayfarerDesc,1,DragonWarrior,EphraimLordStandingMapSpriteID,0,0x8b,0,18,6,6,7,6,0,8,5,60,20,20,20,20,20,20,3,90,45,40,45,15,15,40,0,0,0,0,0,0,UnlockEphraim|IsLord,ERank,NoRank,NoRank,DRank,NoRank,NoRank,NoRank,NoRank,LordAnims|IsPointer,0x880b808,0x880bc59,0x880c069,0x880c479,0x880c4ba,0x880c4fb,0x0
Dragon Warrior,DragonWarriorName,DragonWarriorDesc,2,Wayfarer,EphraimGreatLordStandingMapSpriteID,0,0x8b,0,18,3,3,4,5,0,10,7,60,27,26,24,23,23,25,3,90,45,40,45,15,15,40,4,2,3,2,2,5,IsPromoted|UnlockEphraim|IsLord|MountedAid|HasCanto|HorseIcon,CRank,DRank,NoRank,BRank,NoRank,NoRank,NoRank,NoRank,NoAnims,0x880b808,0x880bc59,0x880c069,0x880c479,0x880c4ba,0x880c4fb,HorseType
DUMMY,DummyName,DummyDesc,3,0,DummyStandingMapSpriteID,0,0x8b,0,18,3,3,4,5,0,10,7,60,27,26,24,23,23,25,3,90,45,40,45,15,15,40,4,2,3,2,2,5,0x0,NoRank,NoRank,NoRank,NoRank,NoRank,NoRank,NoRank,NoRank,NoAnims,0x880bad3,0x880bf24,0x880c334,0x880c479,0x880c4ba,0x880c4fb,0x0
DUMMY,DummyName,DummyDesc,4,0,DummyStandingMapSpriteID,0,0x8b,0,18,3,3,4,5,0,7,7,60,24,29,30,22,25,25,3,90,45,40,45,15,20,40,4,2,2,1,3,5,0x0,NoRank,NoRank,NoRank,NoRank,NoRank,NoRank,NoRank,NoRank,NoAnims,0x880bad3,0x880bf24,0x880c334,0x880c479,0x880c4ba,0x880c4fb,0x0
Cavalier,0x2c1,0x30d,5,Paladin,CavalierStandingMapSpriteID,0,0x80,0,20,5,2,5,6,0,9,7,60,20,20,20,20,20,25,3,75,35,40,28,15,15,30,0,0,0,0,0,0,MountedAid|HasCanto|HorseIcon,ERank,DRank,NoRank,NoRank,NoRank,NoRank,NoRank,NoRank,CavalierAnims|IsPointer,0x880ba92,0x880bee3,0x880c2f3,0x880c479,0x880c4ba,0x880c4fb,HorseType
Cavalier (F),0x2c1,0x30d,6,Paladin_F,CavalierStandingMapSpriteID,0,0x80,0,18,5,3,3,6,0,9,7,60,20,20,20,20,20,25,3,75,35,40,28,15,15,30,1,0,2,2,0,2,MountedAid|HasCanto|HorseIcon,ERank,DRank,NoRank,NoRank,NoRank,NoRank,NoRank,NoRank,CavalierFAnims|IsPointer,0x880ba92,0x880bee3,0x880c2f3,0x880c479,0x880c4ba,0x880c4fb,HorseType
Paladin,0x2c2,0x30e,7,Cavalier,PaladinStandingMapSpriteID,0,0x81,0,23,7,4,7,8,3,11,8,60,25,26,24,25,25,25,3,70,25,30,18,12,20,25,2,1,1,1,2,1,MountedAid|HasCanto|HorseIcon|IsPromoted,DRank,DRank,NoRank,NoRank,NoRank,NoRank,NoRank,NoRank,PaladinAnims|IsPointer,0x880bad3,0x880bf24,0x880c334,0x880c479,0x880c4ba,0x880c4fb,HorseType
Paladin (F),0x2c2,0x30e,8,Cavalier_F,PaladinStandingMapSpriteID,0,0x81,0,23,6,6,11,7,6,9,8,60,23,27,25,24,26,25,3,70,25,35,25,12,25,25,1,1,1,2,1,2,MountedAid|HasCanto|HorseIcon|IsPromoted,DRank,DRank,NoRank,NoRank,NoRank,NoRank,NoRank,NoRank,PaladinFAnims|IsPointer,0x880bad3,0x880bf24,0x880c334,0x880c479,0x880c4ba,0x880c4fb,HorseType
Armour Knight,0x2c3,0x30f,9,General,KnightStandingMapSpriteID,1,0x76,0,17,5,2,0,9,0,13,4,60,20,20,20,20,20,20,3,80,40,30,15,28,20,25,0,0,0,0,0,0,0x0,NoRank,DRank,NoRank,NoRank,NoRank,NoRank,NoRank,NoRank,KnightAnims|IsPointer,0x880b88a,0x880bcdb,0x880c0eb,0x880c479,0x880c4ba,0x880c4fb,ArmorType
Armour Knight (F),0x2c3,0x30f,10,General_F,KnightStandingMapSpriteID,1,0x76,0,16,4,3,1,8,1,10,4,60,20,20,20,20,20,20,3,80,40,30,15,28,20,25,2,1,1,1,2,0,0x0,NoRank,DRank,NoRank,NoRank,NoRank,NoRank,NoRank,NoRank,KnightFAnims|IsPointer,0x880b88a,0x880bcdb,0x880c0eb,0x880c479,0x880c4ba,0x880c4fb,ArmorType
General,0x2c4,0x310,11,Knight,GeneralStandingMapSpriteID,1,0x77,0,21,8,4,3,13,3,15,5,60,29,27,24,30,25,25,3,75,30,20,10,23,25,20,4,2,2,3,2,3,IsPromoted,ERank,CRank,ERank,NoRank,NoRank,NoRank,NoRank,NoRank,GeneralAnims|IsPointer,0x880b88a,0x880bcdb,0x880c0eb,0x880c479,0x880c4ba,0x880c4fb,ArmorType
General (F),0x2c4,0x310,12,Knight_F,GeneralStandingMapSpriteID,1,0x77,0,20,8,5,5,11,4,11,5,60,27,28,25,29,26,25,3,75,30,25,10,23,25,20,3,2,3,2,3,3,IsPromoted,ERank,CRank,ERank,NoRank,NoRank,NoRank,NoRank,NoRank,GeneralFAnims|IsPointer,0x880b88a,0x880bcdb,0x880c0eb,0x880c479,0x880c4ba,0x880c4fb,ArmorType
Thief,0x2c5,0x311,13,Rogue,ThiefStandingMapSpriteID,0,0x8e,0,16,3,1,9,2,0,6,6,60,20,20,20,20,20,20,2,50,5,45,40,5,20,40,0,0,0,0,0,0,Steal|CanUseLockpick,ERank,NoRank,NoRank,NoRank,NoRank,NoRank,NoRank,NoRank,ThiefAnims|IsPointer,0x880b9cf,0x880be20,0x880c230,0x880c479,0x880c4ba,0x880c4fb,SwordType
Manakete,0x2d7,0x323,14,Manakete_2_F,UnusedManaketeStandingMapSpriteID,0,0x8f,0,12,0,0,2,2,2,5,8,60,20,20,20,20,20,20,2,95,40,30,20,0,10,25,0,0,0,0,0,0,UseMonsterWeapons,NoRank,NoRank,NoRank,NoRank,NoRank,NoRank,NoRank,NoRank,NoAnims,0x880bb96,0x880bfe7,0x880c3f7,0x880c53c,0x880c57d,0x880c5be,DragonType
Mercenary,0x2c6,0x312,15,Hero,MercenaryStandingMapSpriteID,0,0x90,0,18,4,8,8,4,0,9,5,60,20,20,20,20,20,20,3,80,40,40,32,18,20,30,0,0,0,0,0,0,0x0,DRank,NoRank,NoRank,NoRank,NoRank,NoRank,NoRank,NoRank,MercenaryAnims|IsPointer,0x880b849,0x880bc9a,0x880c0aa,0x880c479,0x880c4ba,0x880c4fb,SwordType
Mercenary (F),0x2c6,0x312,16,Hero_F,MercenaryFStandingMapSpriteID,0,0x90,0,16,3,5,6,2,0,8,5,60,20,20,20,20,20,20,3,80,40,40,32,18,30,30,0,0,0,0,0,0,0x0,DRank,NoRank,NoRank,NoRank,NoRank,NoRank,NoRank,NoRank,NoAnims,0x880b849,0x880bc9a,0x880c0aa,0x880c479,0x880c4ba,0x880c4fb,SwordType
Hero,0x2c7,0x313,17,Mercenary,HeroStandingMapSpriteID,0,0x91,0,22,6,9,10,8,2,11,6,60,25,30,26,25,22,25,3,75,30,30,20,20,20,25,4,1,2,2,2,2,IsPromoted,CRank,NoRank,DRank,NoRank,NoRank,NoRank,NoRank,NoRank,HeroAnims|IsPointer,0x880b808,0x880bc59,0x880c069,0x880c479,0x880c4ba,0x880c4fb,SwordType
Hero (F),0x2c7,0x313,18,Mercenary_F,HeroFStandingMapSpriteID,0,0x91,0,22,6,10,11,6,3,9,6,60,24,30,26,24,24,25,3,75,30,30,20,20,20,25,0,0,0,0,0,0,IsPromoted,CRank,NoRank,DRank,NoRank,NoRank,NoRank,NoRank,NoRank,NoAnims,0x880b808,0x880bc59,0x880c069,0x880c479,0x880c4ba,0x880c4fb,SwordType
Myrmidon,0x2c8,0x314,19,Swordmaster,MyrmidonStandingMapSpriteID,0,0x72,0,16,4,9,9,2,0,8,5,60,20,20,20,20,20,20,3,70,35,40,40,15,20,30,0,0,0,0,0,0,SwordmasterUnlock,DRank,NoRank,NoRank,NoRank,NoRank,NoRank,NoRank,NoRank,MyrmidonAnims|IsPointer,0x880b849,0x880bc9a,0x880c0aa,0x880c479,0x880c4ba,0x880c4fb,SwordType
Myrmidon (F),0x2c8,0x314,20,Swordmaster_F,MyrmidonFStandingMapSpriteID,0,0x72,0,15,3,9,10,1,1,5,5,60,20,20,20,20,20,20,3,70,35,40,40,15,20,30,0,0,0,0,0,0,SwordmasterUnlock,DRank,NoRank,NoRank,NoRank,NoRank,NoRank,NoRank,NoRank,MyrmidonFAnims|IsPointer,0x880b849,0x880bc9a,0x880c0aa,0x880c479,0x880c4ba,0x880c4fb,SwordType
Swordmaster,0x2c9,0x315,21,Myrmidon,SwordmasterStandingMapSpriteID,0,0x73,0,21,6,11,10,5,2,9,6,60,24,29,30,22,23,20,3,65,25,30,30,15,22,25,5,2,0,0,2,1,SwordmasterUnlock|IsPromoted|CritBoost,CRank,NoRank,NoRank,NoRank,NoRank,NoRank,NoRank,NoRank,SwordmasterAnims|IsPointer,0x880b808,0x880bc59,0x880c069,0x880c479,0x880c4ba,0x880c4fb,SwordType
Swordmaster (F),0x2c9,0x315,22,Myrmidon_F,SwordmasterFStandingMapSpriteID,0,0x73,0,19,6,11,12,4,3,7,6,60,22,29,30,22,25,20,3,65,25,30,30,15,22,25,4,2,1,0,2,1,SwordmasterUnlock|IsPromoted|CritBoost,CRank,NoRank,NoRank,NoRank,NoRank,NoRank,NoRank,NoRank,SwordmasterFAnims|IsPointer,0x880b808,0x880bc59,0x880c069,0x880c479,0x880c4ba,0x880c4fb,SwordType
Assassin,0x2ca,0x316,23,Thief,AssassinStandingMapSpriteID,0,0x8e,0,16,3,1,9,2,0,8,6,60,20,30,30,20,20,20,3,50,5,45,40,5,20,40,3,1,0,0,2,2,CanUseLockpick|IsPromoted|SwordmasterUnlock|Lethality,DRank,NoRank,NoRank,NoRank,NoRank,NoRank,NoRank,NoRank,AssassinAnims|IsPointer,0x880b9cf,0x880be20,0x880c230,0x880c479,0x880c4ba,0x880c4fb,SwordType
Assassin (F),0x2ca,0x316,24,Thief,AssassinFStandingMapSpriteID,0,0x8e,0,16,3,1,9,2,0,6,6,60,20,30,30,20,20,20,3,50,5,45,40,5,20,40,2,1,1,1,2,1,CanUseLockpick|IsPromoted|SwordmasterUnlock|Lethality,DRank,NoRank,NoRank,NoRank,NoRank,NoRank,NoRank,NoRank,AssassinFAnims|IsPointer,0x880b9cf,0x880be20,0x880c230,0x880c479,0x880c4ba,0x880c4fb,SwordType
Archer,0x2cb,0x317,25,Sniper,ArcherStandingMapSpriteID,0,0x78,0,18,4,3,3,3,0,7,5,60,20,20,20,20,20,20,3,70,35,40,32,15,15,35,0,0,0,0,0,0,UseBallista,NoRank,NoRank,NoRank,DRank,NoRank,NoRank,NoRank,NoRank,ArcherAnims|IsPointer,0x880b849,0x880bc9a,0x880c0aa,0x880c479,0x880c4ba,0x880c4fb,0x0
Archer (F),0x2cb,0x317,26,Sniper_F,ArcherFStandingMapSpriteID,0,0x78,0,17,3,3,4,3,0,5,5,60,20,20,20,20,20,20,3,70,35,40,32,15,20,35,0,0,0,0,0,0,UseBallista,NoRank,NoRank,NoRank,DRank,NoRank,NoRank,NoRank,NoRank,ArcherFAnims|IsPointer,0x880b849,0x880bc9a,0x880c0aa,0x880c479,0x880c4ba,0x880c4fb,0x0
Sniper,0x2cc,0x318,27,Archer,SniperStandingMapSpriteID,0,0x79,0,21,7,6,5,5,2,8,6,60,25,30,28,25,23,20,3,65,30,30,20,15,20,30,3,1,2,2,2,3,IsPromoted|UseBallista,NoRank,NoRank,NoRank,CRank,NoRank,NoRank,NoRank,NoRank,SniperAnims|IsPointer,0x880b808,0x880bc59,0x880c069,0x880c479,0x880c4ba,0x880c4fb,0x0
Sniper (F),0x2cc,0x318,28,Archer_F,SniperFStandingMapSpriteID,0,0x79,0,19,6,6,7,5,3,6,6,60,24,30,29,24,24,20,3,65,30,30,20,15,25,30,4,3,1,1,2,2,IsPromoted|UseBallista,NoRank,NoRank,NoRank,CRank,NoRank,NoRank,NoRank,NoRank,SniperFAnims|IsPointer,0x880b808,0x880bc59,0x880c069,0x880c479,0x880c4ba,0x880c4fb,0x0
Ranger,0x2cd,0x319,29,Archer,RangerStandingMapSpriteID,0,0x97,0,21,7,6,7,6,3,9,7,60,25,28,30,24,23,25,3,60,25,30,35,15,15,25,3,2,1,1,3,3,HorseIcon|IsPromoted|MountedAid|HasCanto,DRank,NoRank,NoRank,DRank,NoRank,NoRank,NoRank,NoRank,RangerAnims|IsPointer,0x880bb55,0x880bfa6,0x880c3b6,0x880c479,0x880c4ba,0x880c4fb,HorseType
Ranger (F),0x2cd,0x319,30,Archer_F,RangerStandingMapSpriteID,0,0x97,0,21,6,6,7,5,4,8,7,60,23,28,30,22,25,25,3,60,25,30,35,15,20,25,2,2,2,1,3,3,HorseIcon|IsPromoted|MountedAid|HasCanto,DRank,NoRank,NoRank,DRank,NoRank,NoRank,NoRank,NoRank,RangerFAnims|IsPointer,0x880bb55,0x880bfa6,0x880c3b6,0x880c479,0x880c4ba,0x880c4fb,HorseType
Wyvern Rider,0x2ce,0x31a,31,WyvernKnight,WyvernRiderStandingMapSpriteID,0,0x88,0,20,7,3,5,8,0,10,7,60,20,20,20,20,20,25,3,80,45,35,30,25,15,25,0,0,0,0,0,0,MountedAid|HasCanto|DragonIcon,NoRank,DRank,NoRank,NoRank,NoRank,NoRank,NoRank,NoRank,WyvernRiderAnims|IsPointer,0x880bb96,0x880bfe7,0x880c3f7,0x880c53c,0x880c57d,0x880c5be,DragonType|FlierType
Wyvern Rider (F),0x2ce,0x31a,32,WyvernKnight_F,WyvernRiderFStandingMapSpriteID,0,0x88,0,19,6,5,5,7,0,9,7,60,20,20,20,20,20,25,3,80,45,35,30,25,17,25,0,0,0,0,0,0,MountedAid|HasCanto|DragonIcon,NoRank,DRank,NoRank,NoRank,NoRank,NoRank,NoRank,NoRank,WyvernRiderFAnims|IsPointer,0x880bb96,0x880bfe7,0x880c3f7,0x880c53c,0x880c57d,0x880c5be,DragonType|FlierType
Wyvern Lord,0x2cf,0x31b,33,WyvernRider,WyvernLordStandingMapSpriteID,0,0x89,0,25,9,5,7,10,1,11,8,60,27,25,23,28,22,25,3,75,40,30,20,20,17,20,4,2,2,0,2,0,MountedAid|HasCanto|DragonIcon|IsPromoted,DRank,CRank,NoRank,NoRank,NoRank,NoRank,NoRank,NoRank,WyvernLordAnims|IsPointer,0x880bb96,0x880bfe7,0x880c3f7,0x880c53c,0x880c57d,0x880c5be,DragonType|FlierType
Wyvern Lord (F),0x2cf,0x31b,34,WyvernRider_F,WyvernLordFStandingMapSpriteID,0,0x89,0,24,8,7,7,9,2,10,8,60,25,26,24,27,23,25,3,75,40,30,20,20,17,20,0,0,0,0,0,0,MountedAid|HasCanto|DragonIcon|IsPromoted,DRank,CRank,NoRank,NoRank,NoRank,NoRank,NoRank,NoRank,WyvernLordFAnims|IsPointer,0x880bb96,0x880bfe7,0x880c3f7,0x880c53c,0x880c57d,0x880c5be,DragonType|FlierType
Wyvern Knight,0x2d0,0x31c,35,WyvernRider,WyvernKnightStandingMapSpriteID,0,0x93,0,20,7,7,8,7,1,10,8,60,25,26,28,24,22,25,3,65,35,30,30,15,17,25,3,1,2,3,0,1,MountedAid|HasCanto|DragonIcon|IsPromoted,NoRank,CRank,NoRank,NoRank,NoRank,NoRank,NoRank,NoRank,WyvernKnightAnims|IsPointer,0x880bb96,0x880bfe7,0x880c3f7,0x880c53c,0x880c57d,0x880c5be,DragonType|FlierType
Wyvern Knight (F),0x2d0,0x31c,36,WyvernRider_F,WyvernKnightStandingMapSpriteID,0,0x93,0,19,6,8,9,6,2,9,8,60,24,27,29,23,23,25,3,65,35,30,30,15,20,25,3,2,1,2,1,1,MountedAid|HasCanto|DragonIcon|IsPromoted,NoRank,CRank,NoRank,NoRank,NoRank,NoRank,NoRank,NoRank,WyvernKnightFAnims|IsPointer,0x880bb96,0x880bfe7,0x880c3f7,0x880c53c,0x880c57d,0x880c5be,DragonType|FlierType
Mage,0x2d1,0x31d,37,Sage,MageStandingMapSpriteID,0,0x7c,0,16,1,2,3,3,3,6,5,60,20,20,20,20,20,20,3,55,55,40,35,5,30,20,1,0,1,2,1,2,0x0,NoRank,NoRank,NoRank,NoRank,NoRank,DRank,NoRank,NoRank,MageAnims|IsPointer,0x880ba10,0x880be61,0x880c271,0x880c479,0x880c4ba,0x880c4fb,0x0
Mage (F),0x2d1,0x31d,38,Sage_F,MageFStandingMapSpriteID,0,0x7c,0,16,1,3,2,2,4,3,5,60,20,20,20,20,20,20,3,55,55,40,35,5,40,20,0,0,0,0,0,0,0x0,NoRank,NoRank,NoRank,NoRank,NoRank,DRank,NoRank,NoRank,MageFAnims|IsPointer,0x880ba10,0x880be61,0x880c271,0x880c479,0x880c4ba,0x880c4fb,0x0
Sage,0x2d2,0x31e,39,Mage,SageStandingMapSpriteID,0,0x7d,0,20,5,4,4,5,5,7,6,60,28,30,26,21,25,20,3,45,45,30,25,10,40,15,4,1,0,0,3,3,IsPromoted,NoRank,NoRank,NoRank,NoRank,DRank,CRank,DRank,NoRank,SageAnims|IsPointer,0x880ba10,0x880be61,0x880c271,0x880c479,0x880c4ba,0x880c4fb,0x0
Sage (F),0x2d2,0x31e,40,Mage_F,SageFStandingMapSpriteID,0,0x7d,0,19,4,6,5,3,6,4,6,60,30,28,26,21,25,20,3,45,45,30,25,10,40,15,3,1,1,0,3,3,IsPromoted,NoRank,NoRank,NoRank,NoRank,DRank,CRank,DRank,NoRank,SageFAnims|IsPointer,0x880ba10,0x880be61,0x880c271,0x880c479,0x880c4ba,0x880c4fb,0x0
Mage Knight,0x2d3,0x31f,41,Mage,MageKnightStandingMapSpriteID,0,0x95,0,20,4,3,5,5,5,8,7,60,24,26,25,24,25,25,3,45,40,30,40,10,40,30,4,2,0,0,2,2,HorseIcon|IsPromoted|MountedAid|HasCanto,NoRank,NoRank,NoRank,NoRank,DRank,CRank,NoRank,NoRank,MageKnightAnims|IsPointer,0x880bad3,0x880bf24,0x880c334,0x880c479,0x880c4ba,0x880c4fb,HorseType
Mage Knight (F),0x2d3,0x31f,42,Mage_F,MageKnightFStandingMapSpriteID,0,0x95,0,19,3,5,6,3,6,6,7,60,25,24,25,24,28,25,3,45,40,30,40,10,40,40,3,2,1,0,2,2,HorseIcon|IsPromoted|MountedAid|HasCanto,NoRank,NoRank,NoRank,NoRank,DRank,CRank,NoRank,NoRank,MageKnightFAnims|IsPointer,0x880bad3,0x880bf24,0x880c334,0x880c479,0x880c4ba,0x880c4fb,HorseType
Bishop,0x2d4,0x320,43,Priest,BishopStandingMapSpriteID,0,0x7b,0,21,4,4,4,3,8,7,6,60,25,26,24,22,30,20,3,45,35,25,22,8,40,40,3,2,1,0,3,2,IsPromoted,NoRank,NoRank,NoRank,NoRank,CRank,NoRank,DRank,NoRank,BishopAnims|IsPointer,0x880ba10,0x880be61,0x880c271,0x880c479,0x880c4ba,0x880c4fb,0x0
Bishop (F),0x2d4,0x320,44,Cleric,BishopFStandingMapSpriteID,0,0x7b,0,19,4,5,4,2,9,5,6,60,25,25,26,21,30,20,3,45,35,25,22,8,50,40,3,1,2,1,2,2,IsPromoted,NoRank,NoRank,NoRank,NoRank,CRank,NoRank,DRank,NoRank,BishopFAnims|IsPointer,0x880ba10,0x880be61,0x880c271,0x880c479,0x880c4ba,0x880c4fb,0x0
Shaman,0x2e1,0x32c,45,Druid,ShamanStandingMapSpriteID,1,0x7e,0,16,2,1,2,2,4,7,5,60,20,20,20,20,20,20,3,50,50,32,30,10,30,20,1,2,0,1,1,2,0x0,NoRank,NoRank,NoRank,NoRank,NoRank,NoRank,NoRank,DRank,ShamanAnims|IsPointer,0x880ba10,0x880be61,0x880c271,0x880c479,0x880c4ba,0x880c4fb,0x0
Shaman (F),0x2e1,0x32c,46,Druid_F,ShamanStandingMapSpriteID,1,0x7e,0,15,3,1,1,1,5,3,5,60,20,20,20,20,20,20,3,50,45,32,30,10,40,20,0,0,0,0,0,0,0x0,NoRank,NoRank,NoRank,NoRank,NoRank,NoRank,NoRank,DRank,ShamanFAnims|IsPointer,0x880ba10,0x880be61,0x880c271,0x880c479,0x880c4ba,0x880c4fb,0x0
Druid,0x2e2,0x32d,47,Shaman,DruidStandingMapSpriteID,1,0x7f,0,19,6,3,4,4,6,8,6,60,29,26,26,21,28,20,3,45,55,30,25,10,35,20,4,0,0,3,2,2,IsPromoted,NoRank,NoRank,NoRank,NoRank,ERank,DRank,NoRank,CRank,DruidAnims|IsPointer,0x880ba10,0x880be61,0x880c271,0x880c479,0x880c4ba,0x880c4fb,0x0
Druid (F),0x2e2,0x32d,48,Shaman_F,DruidStandingMapSpriteID,1,0x7f,0,17,7,3,4,3,7,4,6,60,29,26,26,20,29,20,3,45,55,30,25,10,35,20,0,0,0,0,0,0,IsPromoted,NoRank,NoRank,NoRank,NoRank,ERank,DRank,NoRank,CRank,DruidFAnims|IsPointer,0x880ba10,0x880be61,0x880c271,0x880c479,0x880c4ba,0x880c4fb,0x0
Summoner,0x2e3,0x32e,49,Druid,SummonerStandingMapSpriteID,0,0x7f,0,18,5,3,4,3,5,8,6,60,27,27,26,20,28,20,3,45,50,30,25,8,35,20,3,0,1,3,1,3,Summoning|IsPromoted,NoRank,NoRank,NoRank,NoRank,ERank,NoRank,NoRank,CRank,SummonerAnims|IsPointer,0x880ba10,0x880be61,0x880c271,0x880c479,0x880c4ba,0x880c4fb,0x0
Summoner (F),0x2e3,0x32e,50,Druid_F,SummonerStandingMapSpriteID,0,0x7f,0,18,5,3,4,3,5,4,6,60,27,27,26,20,28,20,3,45,50,30,25,8,35,20,0,0,0,0,0,0,Summoning|IsPromoted,NoRank,NoRank,NoRank,NoRank,ERank,NoRank,NoRank,CRank,SummonerAnims|IsPointer,0x880ba10,0x880be61,0x880c271,0x880c479,0x880c4ba,0x880c4fb,0x0
Rogue,0x2db,0x326,51,Thief,RogueStandingMapSpriteID,0,0x94,0,16,3,1,9,2,0,7,6,60,20,30,30,20,20,20,3,50,10,45,35,5,20,40,2,1,1,0,2,2,IsPromoted|CanUseLockpick|Steal,ERank,NoRank,NoRank,NoRank,NoRank,NoRank,NoRank,NoRank,RogueAnims|IsPointer,0x880b9cf,0x880be20,0x880c230,0x880c479,0x880c4ba,0x880c4fb,SwordType
Gorgon Egg,0x300,0x34c,52,0,GorgonEggActiveStandingMapSpriteID,0,0xa6,0,50,0,0,0,10,10,6,0,60,30,30,30,30,30,30,3,100,0,0,0,0,0,0,0,0,0,0,0,0,0x0,NoRank,NoRank,NoRank,NoRank,NoRank,NoRank,NoRank,NoRank,NoAnims,0x0,0x0,0x0,0x880c479,0x880c4ba,0x880c4fb,MonsterType
Great Knight,0x2e0,0x32b,53,Cavalier,GreatKnightStandingMapSpriteID,1,0x96,0,21,8,4,6,11,3,13,6,60,28,24,24,29,25,25,3,70,30,20,15,21,20,20,3,2,1,2,2,1,HorseIcon|IsPromoted|MountedAid|HasCanto,ERank,DRank,DRank,NoRank,NoRank,NoRank,NoRank,NoRank,GreatKnightAnims|IsPointer,0x880bad3,0x880bf24,0x880c334,0x880c479,0x880c4ba,0x880c4fb,HorseType
Great Knight (F),0x2e0,0x32b,54,Cavalier_F,GreatKnightStandingMapSpriteID,1,0x96,0,20,6,6,7,9,3,10,6,60,26,26,25,28,26,25,3,70,30,25,20,21,22,20,3,1,1,2,2,2,HorseIcon|IsPromoted|MountedAid|HasCanto,ERank,DRank,DRank,NoRank,NoRank,NoRank,NoRank,NoRank,GreatKnightFAnims|IsPointer,0x880bad3,0x880bf24,0x880c334,0x880c479,0x880c4ba,0x880c4fb,HorseType
Recruit (2),0x2da,0x332,55,Recruit_3,RecruitStandingMapSpriteID,0,0x8a,0,18,5,3,3,6,0,6,5,60,20,20,20,20,20,20,3,75,45,40,40,25,35,40,2,1,1,1,2,1,0x0,NoRank,DRank,NoRank,NoRank,NoRank,NoRank,NoRank,NoRank,RecruitAnims|IsPointer,0x880b849,0x880bc9a,0x880c0aa,0x880c479,0x880c4ba,0x880c4fb,0x0
Journeyman (3),0x2d8,0x324,56,Journeyman_1,JourneymanStandingMapSpriteID,0,0x74,0,28,8,5,6,5,0,8,6,60,26,29,28,23,23,20,3,85,55,40,32,18,20,40,4,1,2,2,2,2,CritBoost|IsPromoted,NoRank,NoRank,CRank,NoRank,NoRank,NoRank,NoRank,NoRank,JourneymanAnims|IsPointer,0x880b8cb,0x880bd1c,0x880c12c,0x880c479,0x880c4ba,0x880c4fb,0x0
Pupil (3),0x2d9,0x325,57,Pupil_1,PupilStandingMapSpriteID,0,0x7c,0,20,5,4,4,5,5,5,6,60,29,28,27,21,26,20,3,55,55,40,35,10,30,40,4,2,0,1,3,3,IsPromoted,NoRank,NoRank,NoRank,NoRank,NoRank,CRank,ERank,DRank,PupilAnims|IsPointer,0x880ba10,0x880be61,0x880c271,0x880c479,0x880c4ba,0x880c4fb,0x0
Recruit (3),0x2da,0x332,58,Recruit_1,RecruitStandingMapSpriteID,0,0x8a,0,23,6,6,11,7,6,6,6,60,23,30,29,22,26,20,3,75,45,40,40,25,35,40,2,2,1,1,2,1,IsPromoted|CritBoost,NoRank,CRank,NoRank,NoRank,NoRank,NoRank,NoRank,NoRank,RecruitAnims|IsPointer,0x880b849,0x880bc9a,0x880c0aa,0x880c479,0x880c4ba,0x880c4fb,0x0
Manakete,0x2d7,0x323,59,Manakete_2_F,MorvaManaketeStandingMapSpriteID,0,0xa9,0,20,0,0,2,1,1,25,3,60,20,20,20,20,20,25,3,95,40,30,20,0,10,25,0,0,0,0,0,0,UseMonsterWeapons|IsPromoted,NoRank,NoRank,NoRank,NoRank,NoRank,NoRank,NoRank,NoRank,MorvaManaketeAnims|IsPointer,0x880bb96,0x880bfe7,0x880c3f7,0x880c53c,0x880c57d,0x880c5be,DragonType
Manakete (F),0x2d7,0x323,60,Manakete_2_F,MyrrhManaketeStandingMapSpriteID,0,0x8f,0,12,0,0,2,2,2,5,6,60,20,20,20,20,20,20,2,95,40,30,20,0,10,25,0,0,0,0,0,0,UseMonsterWeapons,NoRank,NoRank,NoRank,NoRank,NoRank,NoRank,NoRank,NoRank,MyrrhManaketeAnims|IsPointer,0x880bb96,0x880bfe7,0x880c3f7,0x880c53c,0x880c57d,0x880c5be,DragonType
Journeyman (1),0x2d8,0x324,61,Journeyman_2,JourneymanStandingMapSpriteID,0,0x74,0,14,3,0,1,1,0,8,4,60,20,20,20,20,20,20,1,85,55,40,32,18,20,40,0,0,0,0,0,0,TraineeLevelCap,NoRank,NoRank,ERank,NoRank,NoRank,NoRank,NoRank,NoRank,JourneymanAnims|IsPointer,0x880b8cb,0x880bd1c,0x880c12c,0x880c479,0x880c4ba,0x880c4fb,0x0
Pupil (1),0x2d9,0x325,62,Pupil_2,PupilStandingMapSpriteID,0,0x7c,0,13,1,0,1,0,3,5,4,60,20,20,20,20,20,20,1,55,55,40,35,10,30,40,0,0,0,0,0,0,TraineeLevelCap,NoRank,NoRank,NoRank,NoRank,NoRank,ERank,NoRank,NoRank,PupilAnims|IsPointer,0x880ba10,0x880be61,0x880c271,0x880c479,0x880c4ba,0x880c4fb,0x0
Fighter,0x2dc,0x327,63,Warrior,FighterStandingMapSpriteID,0,0x74,0,20,5,2,4,2,0,11,5,60,20,20,20,20,20,20,3,85,55,35,30,15,15,15,2,2,1,0,0,1,0x0,NoRank,NoRank,DRank,NoRank,NoRank,NoRank,NoRank,NoRank,FighterAnims|IsPointer,0x880b8cb,0x880bd1c,0x880c12c,0x880c479,0x880c4ba,0x880c4fb,0x0
Warrior,0x2dd,0x328,64,Fighter,WarriorStandingMapSpriteID,0,0x75,0,28,8,5,6,5,0,13,6,60,30,28,26,26,22,25,3,80,45,25,20,16,17,15,3,1,2,0,3,3,IsPromoted,NoRank,NoRank,CRank,ERank,NoRank,NoRank,NoRank,NoRank,WarriorAnims|IsPointer,0x880b8cb,0x880bd1c,0x880c12c,0x880c479,0x880c4ba,0x880c4fb,0x0
Brigand,0x2de,0x329,65,Berserker,BrigandStandingMapSpriteID,0,0x8b,0,20,5,1,5,3,0,12,5,60,20,20,20,20,20,20,3,82,50,30,20,10,13,15,2,1,1,0,1,1,0x0,NoRank,NoRank,DRank,NoRank,NoRank,NoRank,NoRank,NoRank,BrigandAnims|IsPointer,0x880b94d,0x880bd9e,0x880c1ae,0x880c479,0x880c4ba,0x880c4fb,0x0
Pirate,0x2ee,0x33a,66,Berserker,PirateStandingMapSpriteID,0,0x8c,0,19,4,2,6,3,0,10,5,60,20,20,20,20,20,20,3,75,50,35,25,10,13,15,2,2,0,1,1,0,0x0,NoRank,NoRank,DRank,NoRank,NoRank,NoRank,NoRank,NoRank,PirateAnims|IsPointer,0x880b98e,0x880bddf,0x880c1ef,0x880c479,0x880c4ba,0x880c4fb,0x0
Berserker,0x2df,0x32a,67,Brigand,BerserkerStandingMapSpriteID,0,0x8d,0,24,7,6,7,6,0,13,6,60,30,29,28,23,21,25,3,75,50,35,25,10,13,15,4,1,1,1,2,2,IsPromoted|CritBoost,NoRank,NoRank,CRank,NoRank,NoRank,NoRank,NoRank,NoRank,BerserkerAnims|IsPointer,0x880b90c,0x880bd5d,0x880c16d,0x880c479,0x880c4ba,0x880c4fb,0x0
Monk,0x2e4,0x32f,68,Bishop,MonkStandingMapSpriteID,0,0x7a,0,18,1,1,2,1,5,6,5,60,20,20,20,20,20,20,3,50,30,35,32,8,40,45,0,0,0,0,0,0,0x0,NoRank,NoRank,NoRank,NoRank,NoRank,NoRank,ERank,NoRank,MonkAnims|IsPointer,0x880ba10,0x880be61,0x880c271,0x880c479,0x880c4ba,0x880c4fb,0x0
Priest,0x2e6,0x330,69,Bishop,PriestStandingMapSpriteID,0,0x7a,0,18,1,1,2,1,5,5,5,60,20,20,20,20,20,20,2,50,30,35,32,8,50,45,0,0,0,0,0,0,0x0,NoRank,NoRank,NoRank,NoRank,DRank,NoRank,NoRank,NoRank,PriestAnims|IsPointer,0x880ba10,0x880be61,0x880c271,0x880c479,0x880c4ba,0x880c4fb,0x0
Bard,0x2e5,0x331,70,0,BardStandingMapSpriteID,0,0x8b,0,14,1,2,7,1,0,6,5,60,10,10,30,24,26,20,2,45,45,30,60,0,13,70,0,0,0,0,0,0,CanPlay,NoRank,NoRank,NoRank,NoRank,NoRank,NoRank,NoRank,NoRank,NoAnims,0x880b849,0x880bc9a,0x880c0aa,0x880c479,0x880c4ba,0x880c4fb,0x0
Recruit (1),0x2da,0x332,71,Recruit_2,RecruitStandingMapSpriteID,0,0x8a,0,13,3,0,1,0,1,6,4,60,20,20,20,20,20,20,1,75,45,40,40,25,35,40,0,0,0,0,0,0,TraineeLevelCap,NoRank,ERank,NoRank,NoRank,NoRank,NoRank,NoRank,NoRank,RecruitAnims|IsPointer,0x880b849,0x880bc9a,0x880c0aa,0x880c479,0x880c4ba,0x880c4fb,0x0
Pegasus Knight,0x2e7,0x333,72,Falcoknight,PegasusKnightStandingMapSpriteID,0,0x86,0,14,4,5,5,3,2,5,7,60,20,20,20,20,20,25,3,65,35,40,40,12,35,35,0,0,0,0,0,0,MountedAid|HasCanto|PegIcon,NoRank,DRank,NoRank,NoRank,NoRank,NoRank,NoRank,NoRank,PegasusKnightAnims|IsPointer,0x880bb96,0x880bfe7,0x880c3f7,0x880c53c,0x880c57d,0x880c5be,FlierType
Falcon Knight,0x2e8,0x334,73,PegasusKnight,FalcoknightStandingMapSpriteID,0,0x87,0,20,6,7,7,5,4,6,8,60,23,25,28,23,26,25,3,60,30,30,30,12,30,30,5,2,0,2,2,2,MountedAid|HasCanto|PegIcon|IsPromoted,ERank,CRank,NoRank,NoRank,NoRank,NoRank,NoRank,NoRank,FalcoknightAnims|IsPointer,0x880bb96,0x880bfe7,0x880c3f7,0x880c53c,0x880c57d,0x880c5be,FlierType
Cleric,0x2e9,0x335,74,Bishop_F,ClericStandingMapSpriteID,0,0x7a,0,16,1,2,2,0,6,4,5,60,20,20,20,20,20,20,2,50,30,35,32,8,50,45,0,0,0,0,0,0,0x0,NoRank,NoRank,NoRank,NoRank,DRank,NoRank,NoRank,NoRank,ClericAnims|IsPointer,0x880ba10,0x880be61,0x880c271,0x880c479,0x880c4ba,0x880c4fb,0x0
Troubadour,0x2ea,0x336,75,Valkyrie,TroubadourStandingMapSpriteID,0,0x82,0,15,1,1,3,2,5,5,6,60,20,20,20,20,20,25,2,50,25,35,55,12,40,45,0,0,0,0,0,0,MountedAid|HasCanto|HorseIcon,NoRank,NoRank,NoRank,NoRank,DRank,NoRank,NoRank,NoRank,TroubadourAnims|IsPointer,0x880ba92,0x880bee3,0x880c2f3,0x880c479,0x880c4ba,0x880c4fb,HorseType
Valkyrie,0x2eb,0x337,76,Troubadour,ValkyrieStandingMapSpriteID,0,0x83,0,19,4,3,5,4,8,6,7,60,25,24,25,24,28,25,3,45,35,25,45,10,40,40,3,2,1,0,2,3,MountedAid|HasCanto|HorseIcon|IsPromoted,NoRank,NoRank,NoRank,NoRank,DRank,NoRank,DRank,NoRank,ValkyrieAnims|IsPointer,0x880bad3,0x880bf24,0x880c334,0x880c479,0x880c4ba,0x880c4fb,HorseType
Dancer,0x2ec,0x338,77,0,DancerStandingMapSpriteID,0,0x8b,0,14,1,2,7,0,1,4,5,60,10,10,30,24,26,20,2,45,45,30,60,0,13,70,0,0,0,0,0,0,CanDance,NoRank,NoRank,NoRank,NoRank,NoRank,NoRank,NoRank,NoRank,DancerAnims|IsPointer,0x880b849,0x880bc9a,0x880c0aa,0x880c479,0x880c4ba,0x880c4fb,0x0
Soldier,0x2ed,0x339,78,Hoplite,SoldierStandingMapSpriteID,0,0x8a,0,20,3,0,1,0,0,6,5,60,20,20,20,20,20,20,2,80,50,30,20,12,15,25,0,0,0,0,0,0,0x0,NoRank,ERank,NoRank,NoRank,NoRank,NoRank,NoRank,NoRank,SoldierAnims|IsPointer,0x880b849,0x880bc9a,0x880c0aa,0x880c479,0x880c4ba,0x880c4fb,0x0
Necromancer,0x2ef,0x33b,79,Druid,NecromancerStandingMapSpriteID,0,0x7f,0,18,9,4,5,3,8,7,6,80,30,25,25,30,30,25,3,45,55,30,25,10,35,20,0,0,0,0,0,0,IsPromoted|Summoning,NoRank,NoRank,NoRank,NoRank,SRank,NoRank,NoRank,SRank,NecromancerAnims|IsPointer,0x880ba10,0x880be61,0x880c271,0x880c479,0x880c4ba,0x880c4fb,0x0
Fleet,0x2f0,0x33c,80,0,FleetStandingMapSpriteID,0,0x92,0,19,1,1,2,5,0,25,3,60,20,20,20,30,20,25,3,75,35,40,32,15,15,15,0,0,0,0,0,0,0x0,NoRank,NoRank,NoRank,CRank,NoRank,NoRank,NoRank,NoRank,NoAnims,0x880b98e,0x880bddf,0x880c1ef,0x880c479,0x880c4ba,0x880c4fb,0x0
Phantom,0x2f1,0x33d,81,0,PhantomStandingMapSpriteID,0,0x98,0,1,5,2,4,0,0,11,5,1,20,20,20,0,0,20,3,0,55,35,45,15,15,50,0,0,0,0,0,0,0x0,NoRank,NoRank,CRank,NoRank,NoRank,NoRank,NoRank,NoRank,NoAnims,0x880bb96,0x880bfe7,0x880c3f7,0x880c53c,0x880c57d,0x880c5be,0x0
Revenant,0x2f2,0x33e,82,Entombed,RevenantStandingMapSpriteID,0,0x99,0,25,2,0,0,0,0,6,4,60,20,20,20,20,20,20,3,95,50,30,20,10,13,10,0,0,0,0,0,0,UseMonsterWeapons,NoRank,NoRank,NoRank,NoRank,NoRank,NoRank,NoRank,NoRank,RevenantAnims|IsPointer,0x880b849,0x880bc9a,0x880c0aa,0x880c479,0x880c4ba,0x880c4fb,MonsterType
Entombed,0x2f3,0x33f,83,Revenant,EntombedStandingMapSpriteID,0,0x9a,0,35,3,0,1,0,0,6,5,80,25,22,21,24,22,25,1,85,40,25,17,10,13,50,0,0,0,0,0,0,UseMonsterWeapons|IsPromoted,NoRank,NoRank,NoRank,NoRank,NoRank,NoRank,NoRank,NoRank,EntombedAnims|IsPointer,0x880b849,0x880bc9a,0x880c0aa,0x880c479,0x880c4ba,0x880c4fb,MonsterType
Bonewalker,0x2f4,0x340,84,Wight,BonewalkerSwordStandingMapSpriteID,0,0x9b,0,20,4,2,3,3,0,7,5,60,20,20,20,20,20,20,3,80,50,30,20,12,15,10,0,0,0,0,0,0,SwordmasterUnlock,CRank,CRank,NoRank,NoRank,NoRank,NoRank,NoRank,NoRank,BonewalkerAnims|IsPointer,0x880b849,0x880bc9a,0x880c0aa,0x880c479,0x880c4ba,0x880c4fb,MonsterType
Bonewalker (Bow),0x2f4,0x340,85,Wight_Bow,BonewalkerBowStandingMapSpriteID,0,0x9b,0,18,4,3,2,3,0,6,5,60,20,20,20,20,20,20,3,70,35,40,32,15,15,10,0,0,0,0,0,0,0x0,NoRank,NoRank,NoRank,CRank,NoRank,NoRank,NoRank,NoRank,BonewalkerBowAnims|IsPointer,0x880b849,0x880bc9a,0x880c0aa,0x880c479,0x880c4ba,0x880c4fb,MonsterType
Wight,0x2f5,0x341,86,Bonewalker,WightSwordStandingMapSpriteID,0,0x9c,0,21,7,5,6,5,2,9,6,60,24,28,26,22,23,25,3,65,25,25,20,15,22,10,0,0,0,0,0,0,SwordmasterUnlock|IsPromoted,ARank,ARank,NoRank,NoRank,NoRank,NoRank,NoRank,NoRank,WightAnims|IsPointer,0x880b849,0x880bc9a,0x880c0aa,0x880c479,0x880c4ba,0x880c4fb,MonsterType
Wight (Bow),0x2f5,0x341,87,Bonewalker_Bow,WightBowStandingMapSpriteID,0,0x9c,0,21,6,6,5,5,2,8,6,60,25,30,28,25,23,20,3,65,30,30,20,15,20,10,0,0,0,0,0,0,IsPromoted,NoRank,NoRank,NoRank,ARank,NoRank,NoRank,NoRank,NoRank,WightBowAnims|IsPointer,0x880b849,0x880bc9a,0x880c0aa,0x880c479,0x880c4ba,0x880c4fb,MonsterType
Bael,0x2f6,0x342,88,ElderBael,BaelStandingMapSpriteID,0,0x9d,0,25,6,3,3,6,1,12,5,60,30,28,26,26,22,25,3,82,50,30,20,18,13,15,0,0,0,0,0,0,UseMonsterWeapons,NoRank,NoRank,NoRank,NoRank,NoRank,NoRank,NoRank,NoRank,BaelAnims|IsPointer,0x880b94d,0x880bd9e,0x880c1ae,0x880c479,0x880c4ba,0x880c4fb,MonsterType
Elder Bael,0x2f7,0x343,89,Bael,ElderBaelStandingMapSpriteID,0,0x9e,0,36,8,5,5,9,4,15,6,80,30,28,26,26,22,25,3,85,45,25,20,21,17,10,0,0,0,0,0,0,UseMonsterWeapons|IsPromoted,NoRank,NoRank,NoRank,NoRank,NoRank,NoRank,NoRank,NoRank,ElderBaelAnims|IsPointer,0x880b94d,0x880bd9e,0x880c1ae,0x880c479,0x880c4ba,0x880c4fb,MonsterType
Cyclops,0x2f8,0x344,90,Knight,CyclopsStandingMapSpriteID,0,0x9f,0,40,8,5,6,13,0,16,5,80,29,29,28,30,25,25,3,95,30,35,25,24,25,10,0,0,0,0,0,0,IsPromoted,NoRank,NoRank,ARank,NoRank,NoRank,NoRank,NoRank,NoRank,CyclopsAnims|IsPointer,0x880b8cb,0x880bd1c,0x880c12c,0x880c479,0x880c4ba,0x880c4fb,MonsterType
Mauthe Doog,0x2f9,0x345,91,Gwyllgi,MautheDoogStandingMapSpriteID,0,0xa0,0,16,4,10,10,2,0,6,7,60,20,20,20,20,20,20,3,70,35,45,45,15,20,30,0,0,0,0,0,0,UseMonsterWeapons,NoRank,NoRank,NoRank,NoRank,NoRank,NoRank,NoRank,NoRank,MautheDoogAnims|IsPointer,0x880bb14,0x880bf65,0x880c375,0x880c479,0x880c4ba,0x880c4fb,MonsterType
Gwyllgi,0x2fa,0x346,92,MautheDoog,GwyllgiStandingMapSpriteID,0,0xa1,0,21,6,12,12,5,2,8,8,60,24,29,30,22,23,20,3,65,28,35,35,16,22,25,0,0,0,0,0,0,UseMonsterWeapons|IsPromoted,NoRank,NoRank,NoRank,NoRank,NoRank,NoRank,NoRank,NoRank,GwyllgiAnims|IsPointer,0x880bb55,0x880bfa6,0x880c3b6,0x880c479,0x880c4ba,0x880c4fb,MonsterType
Tarvos,0x2fb,0x347,93,Maelduin,TarvosStandingMapSpriteID,0,0xa2,0,21,6,2,5,7,0,10,7,60,20,20,20,20,20,20,3,80,35,40,28,15,15,10,0,0,0,0,0,0,0x0,NoRank,NoRank,CRank,NoRank,NoRank,NoRank,NoRank,NoRank,TarvosAnims|IsPointer,0x880bb14,0x880bf65,0x880c375,0x880c479,0x880c4ba,0x880c4fb,MonsterType
Maelduin,0x2fc,0x348,94,Tarvos,MaelduinStandingMapSpriteID,0,0xa3,0,25,8,4,7,9,3,12,8,80,25,26,24,25,25,25,3,75,30,30,18,13,20,10,0,0,0,0,0,0,IsPromoted,NoRank,NoRank,ARank,ARank,NoRank,NoRank,NoRank,NoRank,MaelduinAnims|IsPointer,0x880bb55,0x880bfa6,0x880c3b6,0x880c479,0x880c4ba,0x880c4fb,MonsterType
Mogall,0x2fd,0x349,95,ArchMogall,MogallStandingMapSpriteID,0,0xa4,0,15,2,1,2,2,4,4,5,60,20,20,20,20,20,20,3,50,45,32,30,10,28,30,0,0,0,0,0,0,UseMonsterWeapons,NoRank,NoRank,NoRank,NoRank,NoRank,NoRank,NoRank,CRank,MogallAnims|IsPointer,0x880bb96,0x880bfe7,0x880c3f7,0x880c53c,0x880c57d,0x880c5be,MonsterType
Arch Mogall,0x2fe,0x34a,96,Mogall,ArchMogallStandingMapSpriteID,0,0xa5,0,17,6,3,3,3,7,5,6,60,29,26,26,20,29,20,3,45,55,30,25,10,28,20,0,0,0,0,0,0,UseMonsterWeapons|IsPromoted,NoRank,NoRank,NoRank,NoRank,NoRank,NoRank,NoRank,ARank,ArchMogallAnims|IsPointer,0x880bb96,0x880bfe7,0x880c3f7,0x880c53c,0x880c57d,0x880c5be,MonsterType
Gorgon,0x2ff,0x34b,97,GorgonEgg,GorgonStandingMapSpriteID,0,0xa6,0,19,8,3,4,5,7,11,6,60,29,26,26,21,28,25,3,45,60,30,25,10,40,30,0,0,0,0,0,0,UseMonsterWeapons|IsPromoted,NoRank,NoRank,NoRank,NoRank,NoRank,NoRank,NoRank,ARank,GorgonAnims|IsPointer,0x880ba10,0x880be61,0x880c271,0x880c479,0x880c4ba,0x880c4fb,MonsterType
Gorgon Egg,0x300,0x34c,98,0,GorgonEggStandingMapSpriteID,0,0xa6,0,50,0,0,0,10,10,6,0,60,30,30,30,30,30,30,3,100,0,0,0,0,0,0,0,0,0,0,0,0,0x0,NoRank,NoRank,NoRank,NoRank,NoRank,NoRank,NoRank,NoRank,NoAnims,0x0,0x0,0x0,0x880c479,0x880c4ba,0x880c4fb,MonsterType
Gargoyle,0x301,0x34d,99,Deathgoyle,GargoyleStandingMapSpriteID,0,0xa7,0,19,6,3,6,6,0,8,6,60,20,20,20,20,20,20,3,80,45,35,35,25,15,10,0,0,0,0,0,0,0x0,NoRank,CRank,NoRank,NoRank,NoRank,NoRank,NoRank,NoRank,GargoyleAnims|IsPointer,0x880bb96,0x880bfe7,0x880c3f7,0x880c53c,0x880c57d,0x880c5be,MonsterType
Deathgoyle,0x302,0x34e,100,Gargoyle,DeathgoyleStandingMapSpriteID,0,0xa8,0,23,8,5,8,9,1,11,7,60,27,25,23,28,22,25,3,75,40,30,25,20,17,10,0,0,0,0,0,0,IsPromoted,NoRank,ARank,NoRank,NoRank,NoRank,NoRank,NoRank,NoRank,DeathgoyleAnims|IsPointer,0x880bb96,0x880bfe7,0x880c3f7,0x880c53c,0x880c57d,0x880c5be,MonsterType
Dracozombie,0x303,0x34f,101,WyvernKnight,DracoZombieStandingMapSpriteID,0,0xa9,0,53,1,0,1,0,3,25,5,100,50,50,50,50,50,25,3,85,35,20,20,30,10,25,0,0,0,0,0,0,UseMonsterWeapons|IsPromoted,NoRank,NoRank,NoRank,NoRank,NoRank,NoRank,NoRank,NoRank,DracoZombieAnims|IsPointer,0x880bb96,0x880bfe7,0x880c3f7,0x880c53c,0x880c57d,0x880c5be,MonsterType
Demon King,0x304,0x350,102,WyvernKnight,DemonKingStandingMapSpriteID,0,0xaa,0,120,23,20,18,25,25,25,2,120,50,50,50,50,50,25,5,95,40,30,20,20,20,25,0,0,0,0,0,0,UseMonsterWeapons|IsPromoted,NoRank,NoRank,NoRank,NoRank,NoRank,NoRank,NoRank,NoRank,DemonKingAnims|IsPointer,0x880bbd7,0x880bbd7,0x880bbd7,0x880c479,0x880c4ba,0x880c4fb,MonsterType
Archer on Ballista,0x0,0x0,103,0,Ballista1MountedStandingMapSpriteID,0,0x0,0,0,0,0,0,0,0,0,0,0,0,0,0,0,0,0,3,0,0,0,0,0,10,0,0,0,0,0,0,0,0x0,NoRank,NoRank,NoRank,NoRank,NoRank,NoRank,NoRank,NoRank,NoAnims,0x0,0x0,0x0,0x880c479,0x880c4ba,0x880c4fb,0x0
Archer on Iron Ballista,0x0,0x0,104,0,Ballista2MountedStandingMapSpriteID,0,0x0,0,0,0,0,0,0,0,0,0,0,0,0,0,0,0,0,0,0,0,0,0,0,0,0,0,0,0,0,0,0,0x0,NoRank,NoRank,NoRank,NoRank,NoRank,NoRank,NoRank,NoRank,NoAnims,0x0,0x0,0x0,0x880c479,0x880c4ba,0x880c4fb,0x0
Archer on Killer Ballista,0x0,0x0,105,0,Ballista3MountedStandingMapSpriteID,0,0x0,0,0,0,0,0,0,0,0,0,0,0,0,0,0,0,0,0,0,0,0,0,0,0,0,0,0,0,0,0,0,0x0,NoRank,NoRank,NoRank,NoRank,NoRank,NoRank,NoRank,NoRank,NoAnims,0x0,0x0,0x0,0x880c479,0x880c4ba,0x880c4fb,0x0
Ballista,0x0,0x0,106,0,Ballista1UnmountedStandingMapSpriteID,0,0x0,0,0,0,0,0,0,0,0,0,0,0,0,0,0,0,0,0,0,0,0,0,0,0,0,0,0,0,0,0,0,0x0,NoRank,NoRank,NoRank,NoRank,NoRank,NoRank,NoRank,NoRank,NoAnims,0x0,0x0,0x0,0x880c479,0x880c4ba,0x880c4fb,0x0
Iron Ballista,0x0,0x0,107,0,Ballista2UnmountedStandingMapSpriteID,0,0x0,0,0,0,0,0,0,0,0,0,0,0,0,0,0,0,0,0,0,0,0,0,0,0,0,0,0,0,0,0,0,0x0,NoRank,NoRank,NoRank,NoRank,NoRank,NoRank,NoRank,NoRank,NoAnims,0x0,0x0,0x0,0x880c479,0x880c4ba,0x880c4fb,0x0
Killer Ballista,0x0,0x0,108,0,Ballista3UnmountedStandingMapSpriteID,0,0x0,0,0,0,0,0,0,0,0,0,0,0,0,0,0,0,0,0,0,0,0,0,0,0,0,0,0,0,0,0,0,0x0,NoRank,NoRank,NoRank,NoRank,NoRank,NoRank,NoRank,NoRank,NoAnims,0x0,0x0,0x0,0x880c479,0x880c4ba,0x880c4fb,0x0
Civilian,0x305,0x351,109,0,CivilianBoyStandingMapSpriteID,1,0x5e,0,8,1,0,0,0,0,4,5,60,20,20,20,20,20,20,1,10,0,0,0,0,10,0,0,0,0,0,0,0,0x0,NoRank,NoRank,NoRank,NoRank,NoRank,NoRank,NoRank,NoRank,NoAnims,0x880ba51,0x880bea2,0x880c2b2,0x880c479,0x880c4ba,0x880c4fb,0x0
Civilian (F),0x305,0x351,110,0,CivilianGirlStandingMapSpriteID,1,0x63,0,7,0,0,0,0,1,3,5,60,20,20,20,20,20,20,1,10,0,0,0,0,10,0,0,0,0,0,0,0,0x0,NoRank,NoRank,NoRank,NoRank,NoRank,NoRank,NoRank,NoRank,NoAnims,0x880ba51,0x880bea2,0x880c2b2,0x880c479,0x880c4ba,0x880c4fb,0x0
Civilian,0x305,0x351,111,0,CivilianManStandingMapSpriteID,1,0x59,0,10,0,1,0,0,2,6,5,60,20,20,20,20,20,20,1,10,0,0,0,0,10,0,0,0,0,0,0,0,0x0,NoRank,NoRank,NoRank,NoRank,NoRank,NoRank,NoRank,NoRank,NoAnims,0x880ba51,0x880bea2,0x880c2b2,0x880c479,0x880c4ba,0x880c4fb,0x0
Civilian (F),0x305,0x351,112,0,CivilianWomanStandingMapSpriteID,1,0x62,0,9,0,1,0,0,1,4,5,60,20,20,20,20,20,20,1,10,0,0,0,0,10,0,0,0,0,0,0,0,0x0,NoRank,NoRank,NoRank,NoRank,NoRank,NoRank,NoRank,NoRank,NoAnims,0x880ba51,0x880bea2,0x880c2b2,0x880c479,0x880c4ba,0x880c4fb,0x0
Civilian,0x305,0x351,113,0,CivilianManStandingMapSpriteID,1,0x5c,0,12,3,0,0,2,0,7,5,60,20,20,20,20,20,20,1,10,0,0,0,0,10,0,0,0,0,0,0,0,0x0,NoRank,NoRank,NoRank,NoRank,NoRank,NoRank,NoRank,NoRank,NoAnims,0x880ba51,0x880bea2,0x880c2b2,0x880c479,0x880c4ba,0x880c4fb,0x0
Civilian (F),0x305,0x351,114,0,CivilianWomanStandingMapSpriteID,1,0x61,0,10,0,1,0,1,1,5,5,60,20,20,20,20,20,20,1,10,0,0,0,0,10,0,0,0,0,0,0,0,0x0,NoRank,NoRank,NoRank,NoRank,NoRank,NoRank,NoRank,NoRank,NoAnims,0x880ba51,0x880bea2,0x880c2b2,0x880c479,0x880c4ba,0x880c4fb,0x0
Peer,0x0,0x0,115,0,PeerStandingMapSpriteID,1,0x1,0,10,0,0,0,0,0,8,5,60,20,20,20,20,20,20,1,10,0,0,0,0,10,0,0,0,0,0,0,0,0x0,NoRank,NoRank,NoRank,NoRank,NoRank,NoRank,NoRank,NoRank,NoAnims,0x880ba51,0x880bea2,0x880c2b2,0x880c479,0x880c4ba,0x880c4fb,0x0
Queen,0x307,0x353,116,0,QueenStandingMapSpriteID,1,0x1,0,10,0,0,0,0,0,5,5,60,20,20,20,20,20,20,1,10,0,0,0,0,10,0,0,0,0,0,0,0,0x0,NoRank,NoRank,NoRank,NoRank,NoRank,NoRank,NoRank,NoRank,NoAnims,0x880ba51,0x880bea2,0x880c2b2,0x880c479,0x880c4ba,0x880c4fb,0x0
Prince,0x0,0x0,117,0,Peer2StandingMapSpriteID,1,0x1,0,10,0,0,0,0,0,7,5,60,20,20,20,20,20,20,1,10,0,0,0,0,10,0,0,0,0,0,0,0,0x0,NoRank,NoRank,NoRank,NoRank,NoRank,NoRank,NoRank,NoRank,NoAnims,0x880ba51,0x880bea2,0x880c2b2,0x880c479,0x880c4ba,0x880c4fb,0x0
Queen,0x307,0x353,118,0,Queen2StandingMapSpriteID,1,0x1,0,10,0,0,0,0,0,6,5,60,20,20,20,20,20,20,1,10,0,0,0,0,10,0,0,0,0,0,0,0,0x0,NoRank,NoRank,NoRank,NoRank,NoRank,NoRank,NoRank,NoRank,NoAnims,0x880ba51,0x880bea2,0x880c2b2,0x880c479,0x880c4ba,0x880c4fb,0x0
(empty),0x0,0x0,119,0,LightRuneStandingMapSpriteID,0,0x0,0,0,0,0,0,0,0,0,0,0,0,0,0,0,0,0,0,0,0,0,0,0,0,0,0,0,0,0,0,0,0x0,NoRank,NoRank,NoRank,NoRank,NoRank,NoRank,NoRank,NoRank,NoAnims,0x0,0x0,0x0,0x880c479,0x880c4ba,0x880c4fb,0x0
Fallen Prince,0x0,0x0,120,0,DeadNilsStandingMapSpriteID,1,0x1,0,10,0,0,0,0,0,25,5,60,20,20,20,20,20,20,1,10,0,0,0,0,10,0,0,0,0,0,0,0,0x0,NoRank,NoRank,NoRank,NoRank,NoRank,NoRank,NoRank,NoRank,NoAnims,0x880ba51,0x880bea2,0x880c2b2,0x880c479,0x880c4ba,0x880c4fb,0x0
Tent,0x0,0x0,121,0,TentStandingMapSpriteID,1,0x1,0,15,0,3,3,3,0,25,0,60,20,20,20,20,20,25,1,10,0,0,0,0,10,0,0,0,0,0,0,0,CannotControl|IsSupply,NoRank,NoRank,NoRank,NoRank,NoRank,NoRank,NoRank,NoRank,NoAnims,0x880ba51,0x880bea2,0x880c2b2,0x880c479,0x880c4ba,0x880c4fb,0x0
Pontifex,0x306,0x352,122,0,PontifexStandingMapSpriteID,1,0x1,0,10,0,0,0,0,0,8,5,60,20,20,20,20,20,20,1,10,0,0,0,0,10,0,0,0,0,0,0,0,0x0,NoRank,NoRank,NoRank,NoRank,NoRank,NoRank,NoRank,NoRank,NoAnims,0x880ba51,0x880bea2,0x880c2b2,0x880c479,0x880c4ba,0x880c4fb,0x0
Dead Peer,0x0,0x0,123,0,DeadPeerStandingMapSpriteID,1,0x1,0,10,0,0,0,0,0,25,5,60,20,20,20,20,20,20,1,10,0,0,0,0,10,0,0,0,0,0,0,0,0x0,NoRank,NoRank,NoRank,NoRank,NoRank,NoRank,NoRank,NoRank,NoAnims,0x880ba51,0x880bea2,0x880c2b2,0x880c479,0x880c4ba,0x880c4fb,0x0
Cyclops,0x2f8,0x344,124,Knight,CyclopsStandingMapSpriteID,0,0x9f,0,40,8,5,6,13,0,16,5,80,29,29,28,30,25,25,3,95,30,35,25,24,25,10,0,0,0,0,0,0,IsPromoted,NoRank,NoRank,SRank,NoRank,NoRank,NoRank,NoRank,NoRank,CyclopsAnims|IsPointer,0x880b8cb,0x880bd1c,0x880c12c,0x880c479,0x880c4ba,0x880c4fb,MonsterType
Elder Bael,0x2f7,0x343,125,Bael,ElderBaelStandingMapSpriteID,0,0x9e,0,36,8,5,5,9,4,15,6,80,30,28,26,26,22,25,3,85,45,25,20,21,17,10,0,0,0,0,0,0,UseMonsterWeapons|IsPromoted,NoRank,NoRank,NoRank,NoRank,NoRank,NoRank,NoRank,NoRank,ElderBaelAnims|IsPointer,0x880b94d,0x880bd9e,0x880c1ae,0x880c479,0x880c4ba,0x880c4fb,MonsterType
Journeyman (2),0x2d8,0x324,126,Journeyman_3,JourneymanStandingMapSpriteID,0,0x74,0,20,5,3,4,2,1,8,5,60,20,20,20,20,20,20,3,85,55,40,32,18,20,40,2,0,2,0,2,2,0x0,NoRank,NoRank,DRank,NoRank,NoRank,NoRank,NoRank,NoRank,JourneymanAnims|IsPointer,0x880b8cb,0x880bd1c,0x880c12c,0x880c479,0x880c4ba,0x880c4fb,0x0
Pupil (2),0x2d9,0x325,127,Pupil_3,PupilStandingMapSpriteID,0,0x7c,0,17,2,3,3,3,3,5,5,60,20,20,20,20,20,20,3,55,55,40,35,10,30,40,2,1,1,0,2,2,0x0,NoRank,NoRank,NoRank,NoRank,NoRank,DRank,NoRank,NoRank,PupilAnims|IsPointer,0x880ba10,0x880be61,0x880c271,0x880c479,0x880c4ba,0x880c4fb,0x0
Earth Dragon,EarthDragonName,EarthDragonDesc,128,Manakete_2_F,EarthDragonStandingMapSpriteID,1,0x1,0,20,0,0,2,1,1,25,3,120,50,50,50,50,50,25,5,95,40,30,20,20,20,25,0,0,0,0,0,0,UseMonsterWeapons|IsPromoted,NoRank,NoRank,NoRank,NoRank,NoRank,NoRank,NoRank,NoRank,EarthDragonAnims|IsPointer,0x880bb96,0x880bfe7,0x880c3f7,0x880c53c,0x880c57d,0x880c5be,DragonType
Divine Dragon,DivineDragonName,DivineDragonDesc,129,Manakete_2_F,DivineDragonStandingMapSpriteID,1,0x1,0,20,0,0,2,1,1,25,3,120,50,50,50,50,50,25,5,95,40,30,20,20,20,25,0,0,0,0,0,0,UseMonsterWeapons|IsPromoted,NoRank,NoRank,NoRank,NoRank,NoRank,NoRank,NoRank,NoRank,DivineDragonAnims|IsPointer,0x880bb96,0x880bfe7,0x880c3f7,0x880c53c,0x880c57d,0x880c5be,DragonType
Mage Dragon,MageDragonName,MageDragonDesc,130,Manakete_2_F,MageDragonStandingMapSpriteID,1,0x1,0,20,0,0,2,1,1,25,3,120,50,50,50,50,50,25,5,95,40,30,20,20,20,25,0,0,0,0,0,0,UseMonsterWeapons|IsPromoted,NoRank,NoRank,NoRank,NoRank,NoRank,NoRank,NoRank,NoRank,MageDragonAnims|IsPointer,0x880bb96,0x880bfe7,0x880c3f7,0x880c53c,0x880c57d,0x880c5be,DragonType
Fire Dragon,FireDragonName,FireDragonDesc,131,Manakete_2_F,FireDragonStandingMapSpriteID,1,0x1,0,53,1,0,1,0,3,25,5,120,50,50,50,50,50,25,5,95,40,30,20,20,20,25,0,0,0,0,0,0,UseMonsterWeapons|IsPromoted,NoRank,NoRank,NoRank,NoRank,NoRank,NoRank,NoRank,NoRank,FireDragonAnims|IsPointer,0x880bb96,0x880bfe7,0x880c3f7,0x880c53c,0x880c57d,0x880c5be,DragonType
Ice Dragon,IceDragonName,IceDragonDesc,132,Manakete_2_F,IceDragonStandingMapSpriteID,1,0x1,0,53,1,0,1,0,3,25,5,120,50,50,50,50,50,25,5,95,40,30,20,20,20,25,0,0,0,0,0,0,UseMonsterWeapons|IsPromoted,NoRank,NoRank,NoRank,NoRank,NoRank,NoRank,NoRank,NoRank,IceDragonAnims|IsPointer,0x880bb96,0x880bfe7,0x880c3f7,0x880c53c,0x880c57d,0x880c5be,DragonType
Wyvern,WyvernName,WyvernDesc,133,Manakete_2_F,WyvernStandingMapSpriteID,1,0x1,0,20,0,0,2,1,1,25,3,60,50,50,50,50,50,25,4,95,40,30,20,20,20,25,0,0,0,0,0,0,UseMonsterWeapons|IsPromoted,NoRank,NoRank,NoRank,NoRank,NoRank,NoRank,NoRank,NoRank,NoAnims,0x880bb96,0x880bfe7,0x880c3f7,0x880c53c,0x880c57d,0x880c5be,DragonType|FlierType
Dragoon,DragoonName,DragoonDesc,134,Soldier,DragoonStandingMapSpriteID,0,0x1,0,20,0,0,2,1,1,25,3,60,50,50,50,50,50,25,4,95,40,30,20,20,20,25,0,0,0,0,0,0,IsPromoted,NoRank,SRank,NoRank,NoRank,NoRank,NoRank,NoRank,NoRank,DragoonAnims|IsPointer,0x880bb96,0x880bfe7,0x880c3f7,0x880c53c,0x880c57d,0x880c5be,0x0
Deserter,DeserterName,DeserterDesc,135,Impaler,DeserterStandingMapSpriteID,0,0x1,0,16,4,9,9,2,0,8,5,60,20,20,20,20,20,20,3,70,35,40,40,15,20,30,0,0,0,0,0,0,0x0,NoRank,ERank,NoRank,NoRank,NoRank,NoRank,NoRank,NoRank,DeserterAnims|IsPointer,0x880b849,0x880bc9a,0x880c0aa,0x880c479,0x880c4ba,0x880c4fb,SwordType
Hunter,HunterName,HunterDesc,136,Ranger,HunterStandingMapSpriteID,0,0x1,0,18,4,8,8,4,0,9,5,60,20,20,20,20,20,20,3,80,40,40,32,18,20,30,0,0,0,0,0,0,0x0,NoRank,NoRank,NoRank,DRank,NoRank,NoRank,NoRank,NoRank,HunterAnims|IsPointer,0x880b849,0x880bc9a,0x880c0aa,0x880c479,0x880c4ba,0x880c4fb,SwordType
SwordCav,SwordCavName,SwordCavDesc,137,SwordPaladin,CavalierStandingMapSpriteID,0,0x1,0,20,5,2,5,6,0,9,7,60,20,20,20,20,20,25,3,75,35,40,28,15,15,30,0,0,0,0,0,0,MountedAid|HasCanto|HorseIcon,DRank,NoRank,NoRank,NoRank,NoRank,NoRank,NoRank,NoRank,SplitCavalierAnims|IsPointer,0x880ba92,0x880bee3,0x880c2f3,0x880c479,0x880c4ba,0x880c4fb,HorseType
LanceCav,LanceCavName,LanceCavDesc,138,LancePaladin,CavalierStandingMapSpriteID,0,0x1,0,20,5,2,5,6,0,9,7,60,20,20,20,20,20,25,3,75,35,40,28,15,15,30,0,0,0,0,0,0,MountedAid|HasCanto|HorseIcon,NoRank,DRank,NoRank,NoRank,NoRank,NoRank,NoRank,NoRank,SplitCavalierAnims|IsPointer,0x880ba92,0x880bee3,0x880c2f3,0x880c479,0x880c4ba,0x880c4fb,HorseType
AxeCav,AxeCavName,AxeCavDesc,139,AxePaladin,CavalierStandingMapSpriteID,0,0x1,0,20,5,2,5,6,0,9,7,60,20,20,20,20,20,25,3,75,35,40,28,15,15,30,0,0,0,0,0,0,MountedAid|HasCanto|HorseIcon,NoRank,NoRank,DRank,NoRank,NoRank,NoRank,NoRank,NoRank,SplitCavalierAnims|IsPointer,0x880ba92,0x880bee3,0x880c2f3,0x880c479,0x880c4ba,0x880c4fb,HorseType
BowCav,BowCavName,BowCavDesc,140,BowPaladin,CavalierStandingMapSpriteID,0,0x1,0,20,5,2,5,6,0,9,7,60,20,20,20,20,20,25,3,75,35,40,28,15,15,30,0,0,0,0,0,0,MountedAid|HasCanto|HorseIcon,NoRank,NoRank,NoRank,DRank,NoRank,NoRank,NoRank,NoRank,SplitCavalierAnims|IsPointer,0x880ba92,0x880bee3,0x880c2f3,0x880c479,0x880c4ba,0x880c4fb,HorseType
SwordArmor,SwordArmorName,SwordArmorDesc,141,SwordGeneral,KnightStandingMapSpriteID,1,0x1,0,17,5,2,0,9,0,13,4,60,20,20,20,20,20,20,3,80,40,30,15,28,20,25,0,0,0,0,0,0,0x0,DRank,NoRank,NoRank,NoRank,NoRank,NoRank,NoRank,NoRank,SplitArmorAnims|IsPointer,0x880b88a,0x880bcdb,0x880c0eb,0x880c479,0x880c4ba,0x880c4fb,ArmorType
LanceArmor,LanceArmorName,LanceArmorDesc,142,LanceGeneral,KnightStandingMapSpriteID,1,0x1,0,17,5,2,0,9,0,13,4,60,20,20,20,20,20,20,3,80,40,30,15,28,20,25,0,0,0,0,0,0,0x0,NoRank,DRank,NoRank,NoRank,NoRank,NoRank,NoRank,NoRank,SplitArmorAnims|IsPointer,0x880b88a,0x880bcdb,0x880c0eb,0x880c479,0x880c4ba,0x880c4fb,ArmorType
AxeArmor,AxeArmorName,AxeArmorDesc,143,AxeGeneral,KnightStandingMapSpriteID,1,0x1,0,17,5,2,0,9,0,13,4,60,20,20,20,20,20,20,3,80,40,30,15,28,20,25,0,0,0,0,0,0,0x0,NoRank,NoRank,DRank,NoRank,NoRank,NoRank,NoRank,NoRank,SplitArmorAnims|IsPointer,0x880b88a,0x880bcdb,0x880c0eb,0x880c479,0x880c4ba,0x880c4fb,ArmorType
BowArmor,BowArmorName,BowArmorDesc,144,BowGeneral,KnightStandingMapSpriteID,1,0x1,0,17,5,2,0,9,0,13,4,60,20,20,20,20,20,20,3,80,40,30,15,28,20,25,0,0,0,0,0,0,0x0,NoRank,NoRank,NoRank,DRank,NoRank,NoRank,NoRank,NoRank,SplitArmorAnims|IsPointer,0x880b88a,0x880bcdb,0x880c0eb,0x880c479,0x880c4ba,0x880c4fb,ArmorType
FireMage,FireMageName,FireMageDesc,145,FireSage,MageStandingMapSpriteID,0,0x1,0,16,1,2,3,3,3,6,5,60,20,20,20,20,20,20,3,55,55,40,35,5,30,20,1,0,1,2,1,2,0x0,NoRank,NoRank,NoRank,NoRank,NoRank,DRank,NoRank,NoRank,MageAnims|IsPointer,0x880ba10,0x880be61,0x880c271,0x880c479,0x880c4ba,0x880c4fb,0x0
FireMage_F,FireMageName,FireMageDesc,146,FireSage_F,MageFStandingMapSpriteID,0,0x1,0,16,1,2,3,3,3,6,5,60,20,20,20,20,20,20,3,55,55,40,35,5,30,20,1,0,1,2,1,2,0x0,NoRank,NoRank,NoRank,NoRank,NoRank,DRank,NoRank,NoRank,MageFAnims|IsPointer,0x880ba10,0x880be61,0x880c271,0x880c479,0x880c4ba,0x880c4fb,0x0
ThunderMage,ThunderMageName,ThunderMageDesc,147,ThunderSage,MageStandingMapSpriteID,0,0x1,0,16,1,2,3,3,3,6,5,60,20,20,20,20,20,20,3,55,55,40,35,5,30,20,1,0,1,2,1,2,0x0,NoRank,NoRank,NoRank,NoRank,NoRank,DRank,NoRank,NoRank,MageAnims|IsPointer,0x880ba10,0x880be61,0x880c271,0x880c479,0x880c4ba,0x880c4fb,0x0
ThunderMage_F,ThunderMageName,ThunderMageDesc,148,ThunderSage_F,MageFStandingMapSpriteID,0,0x1,0,16,1,2,3,3,3,6,5,60,20,20,20,20,20,20,3,55,55,40,35,5,30,20,1,0,1,2,1,2,0x0,NoRank,NoRank,NoRank,NoRank,NoRank,DRank,NoRank,NoRank,MageFAnims|IsPointer,0x880ba10,0x880be61,0x880c271,0x880c479,0x880c4ba,0x880c4fb,0x0
WindMage,WindMageName,WindMageDesc,149,WindSage,MageStandingMapSpriteID,0,0x1,0,16,1,2,3,3,3,6,5,60,20,20,20,20,20,20,3,55,55,40,35,5,30,20,1,0,1,2,1,2,0x0,NoRank,NoRank,NoRank,NoRank,NoRank,DRank,NoRank,NoRank,MageAnims|IsPointer,0x880ba10,0x880be61,0x880c271,0x880c479,0x880c4ba,0x880c4fb,0x0
WindMage_F,WindMageName,WindMageDesc,150,WindSage_F,MageFStandingMapSpriteID,0,0x1,0,16,1,2,3,3,3,6,5,60,20,20,20,20,20,20,3,55,55,40,35,5,30,20,1,0,1,2,1,2,0x0,NoRank,NoRank,NoRank,NoRank,NoRank,DRank,NoRank,NoRank,MageFAnims|IsPointer,0x880ba10,0x880be61,0x880c271,0x880c479,0x880c4ba,0x880c4fb,0x0
Hoplite,HopliteName,HopliteDesc,151,Soldier,HopliteStandingMapSpriteID,0,0x1,0,22,6,9,10,8,2,11,6,60,25,30,26,25,22,25,3,75,30,30,20,20,20,25,4,1,2,2,2,2,IsPromoted,NoRank,CRank,NoRank,NoRank,NoRank,NoRank,NoRank,NoRank,HopliteAnims|IsPointer,0x880b808,0x880bc59,0x880c069,0x880c479,0x880c4ba,0x880c4fb,SwordType
Impaler,ImpalerName,ImpalerDesc,152,Deserter,ImpalerStandingMapSpriteID,0,0x1,0,21,6,11,10,5,2,9,6,60,24,29,30,22,23,20,3,65,25,30,30,15,22,25,5,2,0,0,2,1,IsPromoted|CritBoost,NoRank,DRank,NoRank,NoRank,NoRank,NoRank,NoRank,NoRank,ImpalerAnims|IsPointer,0x880b808,0x880bc59,0x880c069,0x880c479,0x880c4ba,0x880c4fb,SwordType
SwordGeneral,SwordGeneralName,SwordGeneralDesc,153,SwordArmor,GeneralStandingMapSpriteID,1,0x1,0,21,8,4,3,13,3,15,5,60,29,27,24,30,25,25,3,75,30,20,10,23,25,20,4,2,2,3,2,3,IsPromoted,CRank,NoRank,NoRank,NoRank,NoRank,NoRank,NoRank,NoRank,SplitGeneralAnims|IsPointer,0x880b88a,0x880bcdb,0x880c0eb,0x880c479,0x880c4ba,0x880c4fb,ArmorType
LanceGeneral,LanceGeneralName,LanceGeneralDesc,154,LanceArmor,GeneralStandingMapSpriteID,1,0x1,0,21,8,4,3,13,3,15,5,60,29,27,24,30,25,25,3,75,30,20,10,23,25,20,4,2,2,3,2,3,IsPromoted,NoRank,CRank,NoRank,NoRank,NoRank,NoRank,NoRank,NoRank,SplitGeneralAnims|IsPointer,0x880b88a,0x880bcdb,0x880c0eb,0x880c479,0x880c4ba,0x880c4fb,ArmorType
AxeGeneral,AxeGeneralName,AxeGeneralDesc,155,AxeArmor,GeneralStandingMapSpriteID,1,0x1,0,21,8,4,3,13,3,15,5,60,29,27,24,30,25,25,3,75,30,20,10,23,25,20,4,2,2,3,2,3,IsPromoted,NoRank,NoRank,CRank,NoRank,NoRank,NoRank,NoRank,NoRank,SplitGeneralAnims|IsPointer,0x880b88a,0x880bcdb,0x880c0eb,0x880c479,0x880c4ba,0x880c4fb,ArmorType
BowGeneral,BowGeneralName,BowGeneralDesc,156,BowArmor,GeneralStandingMapSpriteID,1,0x1,0,21,8,4,3,13,3,15,5,60,29,27,24,30,25,25,3,75,30,20,10,23,25,20,4,2,2,3,2,3,IsPromoted,NoRank,NoRank,NoRank,CRank,NoRank,NoRank,NoRank,NoRank,SplitGeneralAnims|IsPointer,0x880b88a,0x880bcdb,0x880c0eb,0x880c479,0x880c4ba,0x880c4fb,ArmorType
SwordPaladin,SwordPaladinName,SwordPaladinDesc,157,SwordCav,PaladinStandingMapSpriteID,0,0x1,0,23,7,4,7,8,3,11,8,60,25,26,24,25,25,25,3,70,25,30,18,12,20,25,2,1,1,1,2,1,MountedAid|HasCanto|HorseIcon|IsPromoted,CRank,NoRank,NoRank,NoRank,NoRank,NoRank,NoRank,NoRank,SplitPaladinAnims|IsPointer,0x880bad3,0x880bf24,0x880c334,0x880c479,0x880c4ba,0x880c4fb,HorseType
LancePaladin,LancePaladinName,LancePaladinDesc,158,LanceCav,PaladinStandingMapSpriteID,0,0x1,0,23,7,4,7,8,3,11,8,60,25,26,24,25,25,25,3,70,25,30,18,12,20,25,2,1,1,1,2,1,MountedAid|HasCanto|HorseIcon|IsPromoted,NoRank,CRank,NoRank,NoRank,NoRank,NoRank,NoRank,NoRank,SplitPaladinAnims|IsPointer,0x880bad3,0x880bf24,0x880c334,0x880c479,0x880c4ba,0x880c4fb,HorseType
AxePaladin,AxePaladinName,AxePaladinDesc,159,AxeCav,PaladinStandingMapSpriteID,0,0x1,0,23,7,4,7,8,3,11,8,60,25,26,24,25,25,25,3,70,25,30,18,12,20,25,2,1,1,1,2,1,MountedAid|HasCanto|HorseIcon|IsPromoted,NoRank,NoRank,CRank,NoRank,NoRank,NoRank,NoRank,NoRank,SplitPaladinAnims|IsPointer,0x880bad3,0x880bf24,0x880c334,0x880c479,0x880c4ba,0x880c4fb,HorseType
BowPaladin,BowPaladinName,BowPaladinDesc,160,BowCav,PaladinStandingMapSpriteID,0,0x1,0,23,7,4,7,8,3,11,8,60,25,26,24,25,25,25,3,70,25,30,18,12,20,25,2,1,1,1,2,1,MountedAid|HasCanto|HorseIcon|IsPromoted,NoRank,NoRank,NoRank,CRank,NoRank,NoRank,NoRank,NoRank,SplitPaladinAnims|IsPointer,0x880bad3,0x880bf24,0x880c334,0x880c479,0x880c4ba,0x880c4fb,HorseType
FireSage,FireSageName,FireSageDesc,161,FireMage,SageStandingMapSpriteID,0,0x1,0,20,5,4,4,5,5,7,6,60,28,30,26,21,25,20,3,45,45,30,25,10,40,15,4,1,0,0,3,3,IsPromoted,NoRank,NoRank,NoRank,NoRank,NoRank,CRank,NoRank,NoRank,SageAnims|IsPointer,0x880ba10,0x880be61,0x880c271,0x880c479,0x880c4ba,0x880c4fb,0x0
FireSage_F,FireSageName,FireSageDesc,162,FireMage_F,SageFStandingMapSpriteID,0,0x1,0,20,5,4,4,5,5,7,6,60,28,30,26,21,25,20,3,45,45,30,25,10,40,15,4,1,0,0,3,3,IsPromoted,NoRank,NoRank,NoRank,NoRank,NoRank,CRank,NoRank,NoRank,SageFAnims|IsPointer,0x880ba10,0x880be61,0x880c271,0x880c479,0x880c4ba,0x880c4fb,0x0
ThunderSage,ThunderSageName,ThunderSageDesc,163,ThunderMage,SageStandingMapSpriteID,0,0x1,0,20,5,4,4,5,5,7,6,60,28,30,26,21,25,20,3,45,45,30,25,10,40,15,4,1,0,0,3,3,IsPromoted,NoRank,NoRank,NoRank,NoRank,NoRank,CRank,NoRank,NoRank,SageAnims|IsPointer,0x880ba10,0x880be61,0x880c271,0x880c479,0x880c4ba,0x880c4fb,0x0
ThunderSage_F,ThunderSageName,ThunderSageDesc,164,ThunderMage_F,SageFStandingMapSpriteID,0,0x1,0,20,5,4,4,5,5,7,6,60,28,30,26,21,25,20,3,45,45,30,25,10,40,15,4,1,0,0,3,3,IsPromoted,NoRank,NoRank,NoRank,NoRank,NoRank,CRank,NoRank,NoRank,SageFAnims|IsPointer,0x880ba10,0x880be61,0x880c271,0x880c479,0x880c4ba,0x880c4fb,0x0
WindSage,WindSageName,WindSageDesc,165,WindMage,SageStandingMapSpriteID,0,0x1,0,20,5,4,4,5,5,7,6,60,28,30,26,21,25,20,3,45,45,30,25,10,40,15,4,1,0,0,3,3,IsPromoted,NoRank,NoRank,NoRank,NoRank,NoRank,CRank,NoRank,NoRank,SageAnims|IsPointer,0x880ba10,0x880be61,0x880c271,0x880c479,0x880c4ba,0x880c4fb,0x0
WindSage_F,WindSageName,WindSageDesc,166,WindMage_F,SageFStandingMapSpriteID,0,0x1,0,20,5,4,4,5,5,7,6,60,28,30,26,21,25,20,3,45,45,30,25,10,40,15,4,1,0,0,3,3,IsPromoted,NoRank,NoRank,NoRank,NoRank,NoRank,CRank,NoRank,NoRank,SageFAnims|IsPointer,0x880ba10,0x880be61,0x880c271,0x880c479,0x880c4ba,0x880c4fb,0x0
Ballistician,BallisticianName,BallisticianDesc,167,0,BallisticianStandingMapSpriteID,1,0x1,0,15,1,1,3,2,5,5,6,60,20,20,20,20,20,25,2,50,25,35,55,12,40,45,0,0,0,0,0,0,0x0,NoRank,NoRank,NoRank,BRank,NoRank,NoRank,NoRank,NoRank,BallisticianAnims|IsPointer,0x880ba92,0x880bee3,0x880c2f3,0x880c479,0x880c4ba,0x880c4fb,0x0
DUMMY,0,0,0,0,0,0,0,0,0,0,0,0,0,0,0,0,0,0,0,0,0,0,0,0,0,0,0,0,0,0,0,0,0,0,0,0,0,0,0,0,0,0,0,0,0,0,0,0,0,0,0,0,0,0
